<?xml version="1.0" encoding="UTF-8"?>
<beans xmlns="http://www.springframework.org/schema/beans"
    xmlns:xsi="http://www.w3.org/2001/XMLSchema-instance" 
    xmlns:context="http://www.springframework.org/schema/context"
    xsi:schemaLocation="http://www.springframework.org/schema/beans
    http://www.springframework.org/schema/beans/spring-beans.xsd
    http://www.springframework.org/schema/context
    http://www.springframework.org/schema/context/spring-context.xsd">

    <!-- Define your beans here -->
    
    <!-- 
    <bean id="carobj" class="org.pro.Scorpio"></bean>
    
    <bean id="carobj1" class="org.pro.BMW"></bean>
     -->
     
     <!-- Configure dependency here -->
                                                                           <!-- Spring Framework creates object of bean in background  -->
     <bean id="myfortune" class="org.pro1.HappyFortuneService"></bean>    <!-- HappyFortuneService myfortune = new HappyFortuneService();  -->
     
     
     
     <!-- Inject Dependency here -->
     <bean id="mycoach" class="org.pro1.TennisCoach">
      
     <constructor-arg ref="myfortune"></constructor-arg>                  <!--  TennisCoach mycoach = new TennisCoach(myfortune); -->
      
     </bean>
     
     <bean id="mycoach1" class="org.pro1.CricketCoach">
      </bean>
</beans>





