<?xml version="1.0" encoding="UTF-8"?>
<beans xmlns="http://www.springframework.org/schema/beans"
    xmlns:xsi="http://www.w3.org/2001/XMLSchema-instance" 
    xmlns:context="http://www.springframework.org/schema/context"
    xsi:schemaLocation="http://www.springframework.org/schema/beans
    http://www.springframework.org/schema/beans/spring-beans.xsd
    http://www.springframework.org/schema/context
    http://www.springframework.org/schema/context/spring-context.xsd">

    <context:property-placeholder location="classpath:myprops.properties"/>
    
    <!-- Define your dependency-->
    <bean id="car" class="org.pro1.Scorpio"></bean>                   <!-- Scorpio car = new Scorpio(); -->
    
    <!-- Injecting dependency using Setter Injection -->
    <bean id="db" class="org.pro1.DemoBean">                         <!-- DemoBean db=new DemoBean();
                                                                          db.setC(car);                 -->
    
    <!-- Injecting Literal value  -->
    <property name="model" value="${model}"></property>
    
    <property name="color" value="${color}"></property>
    
    
    <property name="c" ref="car"></property>
    
   
    </bean>
    </beans>





